Year,Mon,N_Area,S_Area,Date,Difference
1874,5,124.7,240.4,1874-5,-115.7
1874,6,291.4,123.8,1874-6,167.6
1874,7,687.4,346.1,1874-7,341.3
1874,8,439.7,514.4,1874-8,-74.7
1874,9,39.5,295.8,1874-9,-256.3
1874,10,59,456,1874-10,-397
1874,11,258,207.4,1874-11,50.6
1874,12,166.3,26.2,1874-12,140.1
1875,1,59.7,30.1,1875-1,29.6
1875,2,323.8,75.4,1875-2,248.4
1875,3,260.6,162.4,1875-3,98.2
1875,4,197.2,196.6,1875-4,0.6
1875,5,134.8,10.6,1875-5,124.2
1875,6,141.1,312.9,1875-6,-171.8
1875,7,62.1,14.7,1875-7,47.4
1875,8,123.8,0.5,1875-8,123.3
1875,9,10.1,23.9,1875-9,-13.8
1875,10,105.6,26.8,1875-10,78.8
1875,11,56.7,137.2,1875-11,-80.5
1875,12,0.4,90.7,1875-12,-90.3
1876,1,25.7,141.7,1876-1,-116
1876,2,11.1,252.4,1876-2,-241.3
1876,3,169.1,62.4,1876-3,106.7
1876,4,7.1,8.6,1876-4,-1.5
1876,5,0,37.3,1876-5,-37.3
1876,6,12.8,2.5,1876-6,10.3
1876,7,6.6,61.3,1876-7,-54.7
1876,8,2.8,31.9,1876-8,-29.1
1876,9,1.2,103.2,1876-9,-102
1876,10,0,155.3,1876-10,-155.3
1876,11,29.7,39.5,1876-11,-9.8
1876,12,149.3,0,1876-12,149.3
1877,1,183.9,5,1877-1,178.9
1877,2,63.4,2.8,1877-2,60.6
1877,3,5,60.7,1877-3,-55.7
1877,4,20.2,73.5,1877-4,-53.3
1877,5,63.1,22.4,1877-5,40.7
1877,6,0,69,1877-6,-69
1877,7,2.8,1.4,1877-7,1.4
1877,8,34.9,0,1877-8,34.9
1877,9,50.9,22.1,1877-9,28.8
1877,10,0,126.3,1877-10,-126.3
1877,11,0,283.5,1877-11,-283.5
1877,12,1.1,22.2,1877-12,-21.1
1878,1,14.9,0,1878-1,14.9
1878,2,0,18.1,1878-2,-18.1
1878,3,47.9,0,1878-3,47.9
1878,4,0.4,0,1878-4,0.4
1878,5,51.5,0,1878-5,51.5
1878,6,40.5,0.5,1878-6,40
1878,7,0.4,0,1878-7,0.4
1878,8,0,0,1878-8,0
1878,9,57.2,0,1878-9,57.2
1878,10,9.6,0,1878-10,9.6
1878,11,23.6,0,1878-11,23.6
1878,12,0,2,1878-12,-2
1879,1,0,1.2,1879-1,-1.2
1879,2,0,0,1879-2,0
1879,3,0,0,1879-3,0
1879,4,0,50.5,1879-4,-50.5
1879,5,5.8,0,1879-5,5.8
1879,6,0,19.6,1879-6,-19.6
1879,7,27.8,23.5,1879-7,4.3
1879,8,35.2,3.3,1879-8,31.9
1879,9,41.3,0,1879-9,41.3
1879,10,22.3,59.2,1879-10,-36.9
1879,11,10.5,101.9,1879-11,-91.4
1879,12,0,33.8,1879-12,-33.8
1880,1,163.1,129.1,1880-1,34
1880,2,239.9,97.7,1880-2,142.2
1880,3,90.9,51.7,1880-3,39.2
1880,4,199.3,32.9,1880-4,166.4
1880,5,408.3,0.6,1880-5,407.7
1880,6,124,364.1,1880-6,-240.1
1880,7,113,93.1,1880-7,19.9
1880,8,702.1,119.2,1880-8,582.9
1880,9,322,604.5,1880-9,-282.5
1880,10,297.5,263.9,1880-10,33.6
1880,11,377.2,105.9,1880-11,271.3
1880,12,220,240.6,1880-12,-20.6
1881,1,296.1,289.1,1881-1,7
1881,2,424.8,251.1,1881-2,173.7
1881,3,363.6,276.9,1881-3,86.7
1881,4,210,320.2,1881-4,-110.2
1881,5,132.9,244.1,1881-5,-111.2
1881,6,321.7,290.7,1881-6,31
1881,7,678.8,262.2,1881-7,416.6
1881,8,618.3,119.6,1881-8,498.7
1881,9,675.4,191.6,1881-9,483.8
1881,10,516.9,188.2,1881-10,328.7
1881,11,706.2,134.3,1881-11,571.9
1881,12,478.9,162.2,1881-12,316.7
1882,1,272.2,91.7,1882-1,180.5
1882,2,326.2,346.9,1882-2,-20.7
1882,3,240.7,688.1,1882-3,-447.4
1882,4,323.3,1475.7,1882-4,-1152.4
1882,5,582.7,936.9,1882-5,-354.2
1882,6,235.2,322.6,1882-6,-87.4
1882,7,307.4,154.2,1882-7,153.2
1882,8,397.3,210.3,1882-8,187
1882,9,657.6,369.2,1882-9,288.4
1882,10,740.8,653,1882-10,87.8
1882,11,1049.8,881.4,1882-11,168.4
1882,12,170,182.9,1882-12,-12.9
1883,1,258.9,590.9,1883-1,-332
1883,2,476.1,258.7,1883-2,217.4
1883,3,142.1,479.1,1883-3,-337
1883,4,388,744.5,1883-4,-356.5
1883,5,151,188.4,1883-5,-37.4
1883,6,367,1084.4,1883-6,-717.4
1883,7,425.1,1582.6,1883-7,-1157.5
1883,8,93,502.5,1883-8,-409.5
1883,9,320.4,909.8,1883-9,-589.4
1883,10,462.8,1330.5,1883-10,-867.7
1883,11,504.9,1220.7,1883-11,-715.8
1883,12,346.9,958.5,1883-12,-611.6
1884,1,910,759.8,1884-1,150.2
1884,2,988.3,548.7,1884-2,439.6
1884,3,407.5,799.7,1884-3,-392.2
1884,4,99.7,1481.5,1884-4,-1381.8
1884,5,289.2,921.6,1884-5,-632.4
1884,6,169,332.6,1884-6,-163.6
1884,7,273,288.3,1884-7,-15.3
1884,8,379.2,347.9,1884-8,31.3
1884,9,768.4,346.8,1884-9,421.6
1884,10,394.5,600,1884-10,-205.5
1884,11,125.8,312.2,1884-11,-186.4
1884,12,611.4,254.5,1884-12,356.9
1885,1,97.7,414.2,1885-1,-316.5
1885,2,262.3,820.8,1885-2,-558.5
1885,3,143.2,603.8,1885-3,-460.6
1885,4,473.3,382.1,1885-4,91.2
1885,5,659.8,399.3,1885-5,260.5
1885,6,639.4,1063.1,1885-6,-423.7
1885,7,183,972.4,1885-7,-789.4
1885,8,139.2,458.8,1885-8,-319.6
1885,9,194.1,451.9,1885-9,-257.8
1885,10,166.1,552.4,1885-10,-386.3
1885,11,266.8,158.4,1885-11,108.4
1885,12,169.9,50.6,1885-12,119.3
1886,1,48.1,496.4,1886-1,-448.3
1886,2,24.3,288.6,1886-2,-264.3
1886,3,358.3,673.9,1886-3,-315.6
1886,4,93.2,530.4,1886-4,-437.2
1886,5,305.7,382.7,1886-5,-77
1886,6,43.4,354.7,1886-6,-311.3
1886,7,46.9,348.5,1886-7,-301.6
1886,8,29.3,86.1,1886-8,-56.8
1886,9,148.4,45.2,1886-9,103.2
1886,10,12.9,44.5,1886-10,-31.6
1886,11,0,1.6,1886-11,-1.6
1886,12,58.4,131.3,1886-12,-72.9
1887,1,0,79.7,1887-1,-79.7
1887,2,36.5,39.1,1887-2,-2.6
1887,3,27.3,3.3,1887-3,24
1887,4,42.8,2,1887-4,40.8
1887,5,131.6,121.1,1887-5,10.5
1887,6,20.5,281.6,1887-6,-261.1
1887,7,113.5,257,1887-7,-143.5
1887,8,29.1,133.8,1887-8,-104.7
1887,9,117.8,4,1887-9,113.8
1887,10,0.7,53.3,1887-10,-52.6
1887,11,0.4,51.9,1887-11,-51.5
1887,12,0,580.2,1887-12,-580.2
1888,1,9.6,107.8,1888-1,-98.2
1888,2,0,91.4,1888-2,-91.4
1888,3,73.8,14.4,1888-3,59.4
1888,4,3.8,22.2,1888-4,-18.4
1888,5,0,185.6,1888-5,-185.6
1888,6,13.1,19.4,1888-6,-6.3
1888,7,1.6,20.6,1888-7,-19
1888,8,4.1,61.1,1888-8,-57
1888,9,0.6,98.1,1888-9,-97.5
1888,10,0,10.5,1888-10,-10.5
1888,11,126.9,113.3,1888-11,13.6
1888,12,0,77,1888-12,-77
1889,1,2.4,0,1889-1,2.4
1889,2,0,27.9,1889-2,-27.9
1889,3,17.7,10.1,1889-3,7.6
1889,4,25.9,1,1889-4,24.9
1889,5,0,14.4,1889-5,-14.4
1889,6,0,217.2,1889-6,-217.2
1889,7,3.4,150.1,1889-7,-146.7
1889,8,0,282.3,1889-8,-282.3
1889,9,0,89.9,1889-9,-89.9
1889,10,1.4,10.2,1889-10,-8.8
1889,11,0,0,1889-11,0
1889,12,5.4,61,1889-12,-55.6
1890,1,32.5,9.8,1890-1,22.7
1890,2,0.6,0.8,1890-2,-0.2
1890,3,69.5,0,1890-3,69.5
1890,4,6.2,2.8,1890-4,3.4
1890,5,4.8,17,1890-5,-12.2
1890,6,0,9.3,1890-6,-9.3
1890,7,15.8,124,1890-7,-108.2
1890,8,149.6,8,1890-8,141.6
1890,9,160.9,68.1,1890-9,92.8
1890,10,3.5,242.1,1890-10,-238.6
1890,11,147.7,33.8,1890-11,113.9
1890,12,49.2,29.3,1890-12,19.9
1891,1,56.8,155,1891-1,-98.2
1891,2,232.8,33.9,1891-2,198.9
1891,3,153.6,5.1,1891-3,148.5
1891,4,191.6,162.8,1891-4,28.8
1891,5,281.5,271.9,1891-5,9.6
1891,6,473.9,120.5,1891-6,353.4
1891,7,943.1,78.8,1891-7,864.3
1891,8,342.7,208,1891-8,134.7
1891,9,1151.8,149.7,1891-9,1002.1
1891,10,353.1,252.2,1891-10,100.9
1891,11,298.5,338.9,1891-11,-40.4
1891,12,309.7,231.5,1891-12,78.2
1892,1,735.1,517.6,1892-1,217.5
1892,2,482.8,1305.3,1892-2,-822.5
1892,3,361,396.7,1892-3,-35.7
1892,4,506.1,488.1,1892-4,18
1892,5,557.9,983.9,1892-5,-426
1892,6,796.3,321.4,1892-6,474.9
1892,7,1191.1,729.7,1892-7,461.4
1892,8,933.6,495.8,1892-8,437.8
1892,9,585.3,417.4,1892-9,167.9
1892,10,440.9,470,1892-10,-29.1
1892,11,343.8,609.8,1892-11,-266
1892,12,290.5,574.9,1892-12,-284.4
1893,1,325.2,832.9,1893-1,-507.7
1893,2,378.4,905.4,1893-2,-527
1893,3,496.3,466.6,1893-3,29.7
1893,4,493.3,685.2,1893-4,-191.9
1893,5,349.2,812.6,1893-5,-463.4
1893,6,362.6,1016.4,1893-6,-653.8
1893,7,537.8,1036,1893-7,-498.2
1893,8,630.3,1710.5,1893-8,-1080.2
1893,9,593.4,1051.1,1893-9,-457.7
1893,10,715.6,788.4,1893-10,-72.8
1893,11,440.5,872.3,1893-11,-431.8
1893,12,876.8,1150.9,1893-12,-274.1
1894,1,451.8,1112.9,1894-1,-661.1
1894,2,294.8,1191.4,1894-2,-896.6
1894,3,450.4,173.1,1894-3,277.3
1894,4,875.7,727.9,1894-4,147.8
1894,5,477.3,1301.7,1894-5,-824.4
1894,6,890.1,1008.2,1894-6,-118.1
1894,7,924,816.6,1894-7,107.4
1894,8,902.4,262.2,1894-8,640.2
1894,9,329.3,336.9,1894-9,-7.6
1894,10,439.4,788.5,1894-10,-349.1
1894,11,234.5,350.9,1894-11,-116.4
1894,12,265.6,772.9,1894-12,-507.3
1895,1,406.9,535.1,1895-1,-128.2
1895,2,538.5,398.5,1895-2,140
1895,3,555.3,462.7,1895-3,92.6
1895,4,843,231.5,1895-4,611.5
1895,5,609.7,292.1,1895-5,317.6
1895,6,633.9,509.5,1895-6,124.4
1895,7,83,382.2,1895-7,-299.2
1895,8,985.3,390.7,1895-8,594.6
1895,9,526.4,305.3,1895-9,221.1
1895,10,825.4,406.5,1895-10,418.9
1895,11,458.6,263.9,1895-11,194.7
1895,12,343.6,693.5,1895-12,-349.9
1896,1,81.4,203.7,1896-1,-122.3
1896,2,438.1,461.9,1896-2,-23.8
1896,3,178.4,365.2,1896-3,-186.8
1896,4,321.5,102,1896-4,219.5
1896,5,2.3,178.9,1896-5,-176.6
1896,6,123.6,697,1896-6,-573.4
1896,7,88.9,424.5,1896-7,-335.6
1896,8,55.4,218.2,1896-8,-162.8
1896,9,790,392.6,1896-9,397.4
1896,10,84.3,219.4,1896-10,-135.1
1896,11,48.5,560.1,1896-11,-511.6
1896,12,259.1,274,1896-12,-14.9
1897,1,182.2,1148.7,1897-1,-966.5
1897,2,400.5,512.1,1897-2,-111.6
1897,3,284.4,239.4,1897-3,45
1897,4,247.2,136.8,1897-4,110.4
1897,5,75.8,322.5,1897-5,-246.7
1897,6,3.8,213.6,1897-6,-209.8
1897,7,16.7,292,1897-7,-275.3
1897,8,10.3,482.5,1897-8,-472.2
1897,9,185.2,518.7,1897-9,-333.5
1897,10,54.1,28.6,1897-10,25.5
1897,11,18.4,15.9,1897-11,2.5
1897,12,714.5,35.8,1897-12,678.7
1898,1,287.4,123.6,1898-1,163.8
1898,2,60.3,463.6,1898-2,-403.3
1898,3,92,532.5,1898-3,-440.5
1898,4,3.8,155.2,1898-4,-151.4
1898,5,6.5,241,1898-5,-234.5
1898,6,23.2,41.6,1898-6,-18.4
1898,7,22.4,25.7,1898-7,-3.3
1898,8,210.5,253.3,1898-8,-42.8
1898,9,91.9,766.3,1898-9,-674.4
1898,10,288.5,317,1898-10,-28.5
1898,11,210.3,107.1,1898-11,103.2
1898,12,5.2,166.9,1898-12,-161.7
1899,1,1.3,214.3,1899-1,-213
1899,2,0,40.1,1899-2,-40.1
1899,3,5,275.6,1899-3,-270.6
1899,4,10.1,133.6,1899-4,-123.5
1899,5,0,50.7,1899-5,-50.7
1899,6,167.3,36,1899-6,131.3
1899,7,53.9,143.2,1899-7,-89.3
1899,8,0,1.4,1899-8,-1.4
1899,9,11.3,14.1,1899-9,-2.8
1899,10,2.6,72.2,1899-10,-69.6
1899,11,3.7,29.1,1899-11,-25.4
1899,12,25.1,29.1,1899-12,-4
1900,1,48.8,7.6,1900-1,41.2
1900,2,100.7,9.2,1900-2,91.5
1900,3,4.3,147.2,1900-3,-142.9
1900,4,20.5,76.8,1900-4,-56.3
1900,5,52.2,75.4,1900-5,-23.2
1900,6,61.4,52.3,1900-6,9.1
1900,7,6.4,45.2,1900-7,-38.8
1900,8,10.7,0,1900-8,10.7
1900,9,5.8,17.3,1900-9,-11.5
1900,10,0,138.2,1900-10,-138.2
1900,11,10.9,0.7,1900-11,10.2
1900,12,0,0,1900-12,0
1901,1,0,0.2,1901-1,-0.2
1901,2,0,6.4,1901-2,-6.4
1901,3,12.3,1,1901-3,11.3
1901,4,0,0,1901-4,0
1901,5,208.5,0,1901-5,208.5
1901,6,33.8,7.7,1901-6,26.1
1901,7,0,1,1901-7,-1
1901,8,0,0,1901-8,0
1901,9,0.2,0,1901-9,0.2
1901,10,0,14.8,1901-10,-14.8
1901,11,0,48.3,1901-11,-48.3
1901,12,0,0,1901-12,0
1902,1,0.2,98,1902-1,-97.8
1902,2,0,0.4,1902-2,-0.4
1902,3,179.5,0.3,1902-3,179.2
1902,4,0,0,1902-4,0
1902,5,36.1,0,1902-5,36.1
1902,6,5.9,0,1902-6,5.9
1902,7,0.3,0,1902-7,0.3
1902,8,2.1,0.2,1902-8,1.9
1902,9,17.5,58.6,1902-9,-41.1
1902,10,85.9,75.5,1902-10,10.4
1902,11,148.5,1.1,1902-11,147.4
1902,12,2.9,0.6,1902-12,2.3
1903,1,14.5,15.4,1903-1,-0.9
1903,2,89,40.9,1903-2,48.1
1903,3,121.2,68.6,1903-3,52.6
1903,4,116.1,220.2,1903-4,-104.1
1903,5,72.1,12,1903-5,60.1
1903,6,77.4,28.5,1903-6,48.9
1903,7,92.5,184.8,1903-7,-92.3
1903,8,36.5,76.3,1903-8,-39.8
1903,9,58.2,26.2,1903-9,32
1903,10,243.2,961.5,1903-10,-718.3
1903,11,343.6,567.7,1903-11,-224.1
1903,12,314,282.7,1903-12,31.3
1904,1,219,192.7,1904-1,26.3
1904,2,221.1,124.4,1904-2,96.7
1904,3,228.6,147.2,1904-3,81.4
1904,4,288.7,612.7,1904-4,-324
1904,5,91.7,176.3,1904-5,-84.6
1904,6,251.7,78.8,1904-6,172.9
1904,7,245,266.3,1904-7,-21.3
1904,8,178.5,397.6,1904-8,-219.1
1904,9,61.4,193.2,1904-9,-131.8
1904,10,424.9,210,1904-10,214.9
1904,11,300.2,170.3,1904-11,129.9
1904,12,711.2,66.7,1904-12,644.5
1905,1,554.1,546.5,1905-1,7.6
1905,2,657.8,1325.6,1905-2,-667.8
1905,3,797.4,500.3,1905-3,297.1
1905,4,218.7,189.7,1905-4,29
1905,5,351.7,315.9,1905-5,35.8
1905,6,436.2,215.1,1905-6,221.1
1905,7,1080.1,505.2,1905-7,574.9
1905,8,731.8,427.7,1905-8,304.1
1905,9,381.2,315,1905-9,66.2
1905,10,2011.3,49.1,1905-10,1962.2
1905,11,1363.8,582.5,1905-11,781.3
1905,12,407.4,386.3,1905-12,21.1
1906,1,416.3,320.2,1906-1,96.1
1906,2,300.9,94.2,1906-2,206.7
1906,3,744,313.4,1906-3,430.6
1906,4,559.6,128.3,1906-4,431.3
1906,5,907.8,197.7,1906-5,710.1
1906,6,605.2,144.2,1906-6,461
1906,7,1176.5,270.5,1906-7,906
1906,8,289.8,448.7,1906-8,-158.9
1906,9,333.6,182.7,1906-9,150.9
1906,10,23.5,75.2,1906-10,-51.7
1906,11,282.7,278.1,1906-11,4.6
1906,12,785.9,421.1,1906-12,364.8
1907,1,709.2,487.5,1907-1,221.7
1907,2,788.1,1664.9,1907-2,-876.8
1907,3,237,572,1907-3,-335
1907,4,507,193.9,1907-4,313.1
1907,5,156.1,452.2,1907-5,-296.1
1907,6,51.4,898,1907-6,-846.6
1907,7,208.7,673.8,1907-7,-465.1
1907,8,340.8,483.7,1907-8,-142.9
1907,9,884.6,525.6,1907-9,359
1907,10,706.1,487.3,1907-10,218.8
1907,11,859.6,215,1907-11,644.6
1907,12,453.1,549.7,1907-12,-96.6
1908,1,210.8,296.4,1908-1,-85.6
1908,2,101.8,168.6,1908-2,-66.8
1908,3,54.9,163,1908-3,-108.1
1908,4,22.8,684.4,1908-4,-661.6
1908,5,175.3,333.5,1908-5,-158.2
1908,6,115.4,515.4,1908-6,-400
1908,7,102.5,248.3,1908-7,-145.8
1908,8,713,1037.4,1908-8,-324.4
1908,9,1060.2,641.2,1908-9,419
1908,10,185,184.3,1908-10,0.7
1908,11,607.4,110.2,1908-11,497.2
1908,12,449.1,189,1908-12,260.1
1909,1,818.8,373.7,1909-1,445.1
1909,2,293.9,480.4,1909-2,-186.5
1909,3,682.2,344.4,1909-3,337.8
1909,4,124.3,346.5,1909-4,-222.2
1909,5,79.3,423.8,1909-5,-344.5
1909,6,26.4,256.3,1909-6,-229.9
1909,7,506,57.5,1909-7,448.5
1909,8,44.8,84.1,1909-8,-39.3
1909,9,37.3,764.4,1909-9,-727.1
1909,10,186.5,680.4,1909-10,-493.9
1909,11,297.8,496.3,1909-11,-198.5
1909,12,466.8,426.5,1909-12,40.3
1910,1,111.6,270.2,1910-1,-158.6
1910,2,7.9,624.9,1910-2,-617
1910,3,165.9,121.5,1910-3,44.4
1910,4,34.9,35.1,1910-4,-0.2
1910,5,71.5,255.3,1910-5,-183.8
1910,6,26.4,92,1910-6,-65.6
1910,7,128.5,57.9,1910-7,70.6
1910,8,0,181.7,1910-8,-181.7
1910,9,1.6,432.9,1910-9,-431.3
1910,10,214.5,297.2,1910-10,-82.7
1910,11,14.4,9.3,1910-11,5.1
1910,12,0,37,1910-12,-37
1911,1,0,39.3,1911-1,-39.3
1911,2,28.6,59.9,1911-2,-31.3
1911,3,28.4,42.2,1911-3,-13.8
1911,4,46.3,213.7,1911-4,-167.4
1911,5,36.9,64.9,1911-5,-28
1911,6,28.6,1.4,1911-6,27.2
1911,7,9.9,1.6,1911-7,8.3
1911,8,5.3,22.4,1911-8,-17.1
1911,9,52.2,0.9,1911-9,51.3
1911,10,17.9,0,1911-10,17.9
1911,11,0.4,56.9,1911-11,-56.5
1911,12,4.9,10.5,1911-12,-5.6
1912,1,0,0,1912-1,0
1912,2,0,0,1912-2,0
1912,3,0,57.4,1912-3,-57.4
1912,4,0.8,87.5,1912-4,-86.7
1912,5,0.4,21,1912-5,-20.6
1912,6,0.8,83.6,1912-6,-82.8
1912,7,0,9.5,1912-7,-9.5
1912,8,0,0.3,1912-8,-0.3
1912,9,0,47.3,1912-9,-47.3
1912,10,0,55,1912-10,-55
1912,11,0,2.9,1912-11,-2.9
1912,12,7.5,74.1,1912-12,-66.6
1913,1,8.3,6.5,1913-1,1.8
1913,2,23.2,0,1913-2,23.2
1913,3,0,0.8,1913-3,-0.8
1913,4,0,3.3,1913-4,-3.3
1913,5,0,0,1913-5,0
1913,6,0,0,1913-6,0
1913,7,6.8,0,1913-7,6.8
1913,8,0,0,1913-8,0
1913,9,3.6,0,1913-9,3.6
1913,10,14.8,0,1913-10,14.8
1913,11,0,5.2,1913-11,-5.2
1913,12,4,13.8,1913-12,-9.8
1914,1,6.5,6.5,1914-1,0
1914,2,0.6,10.1,1914-2,-9.5
1914,3,38.5,0.2,1914-3,38.3
1914,4,261.7,25.1,1914-4,236.6
1914,5,67.6,2.4,1914-5,65.2
1914,6,17.3,155.2,1914-6,-137.9
1914,7,0.2,46.5,1914-7,-46.3
1914,8,288.1,8.7,1914-8,279.4
1914,9,211.8,132.2,1914-9,79.6
1914,10,28.4,4.8,1914-10,23.6
1914,11,144.2,77.8,1914-11,66.4
1914,12,124.8,169.7,1914-12,-44.9
1915,1,274.1,28.4,1915-1,245.7
1915,2,328,342.6,1915-2,-14.6
1915,3,297,186.1,1915-3,110.9
1915,4,754.2,210.8,1915-4,543.4
1915,5,463.3,65,1915-5,398.3
1915,6,543.7,425.3,1915-6,118.4
1915,7,248.5,1059.4,1915-7,-810.9
1915,8,356.2,590,1915-8,-233.8
1915,9,501.9,248.1,1915-9,253.8
1915,10,429.2,218.1,1915-10,211.1
1915,11,200.9,244,1915-11,-43.1
1915,12,165,193.5,1915-12,-28.5
1916,1,315.4,194.2,1916-1,121.2
1916,2,241,471.6,1916-2,-230.6
1916,3,534.9,416,1916-3,118.9
1916,4,513.1,293.3,1916-4,219.8
1916,5,444.4,593.4,1916-5,-149
1916,6,844.6,312.2,1916-6,532.4
1916,7,540.2,32.3,1916-7,507.9
1916,8,305.6,33.3,1916-8,272.3
1916,9,384,82.2,1916-9,301.8
1916,10,606.8,115.1,1916-10,491.7
1916,11,387.3,250.2,1916-11,137.1
1916,12,523.1,271.1,1916-12,252
1917,1,911.1,134.7,1917-1,776.4
1917,2,206,1209.4,1917-2,-1003.4
1917,3,781.4,371.5,1917-3,409.9
1917,4,662.7,257,1917-4,405.7
1917,5,558.2,887.7,1917-5,-329.5
1917,6,945.9,771.3,1917-6,174.6
1917,7,1058,496.1,1917-7,561.9
1917,8,1969.5,1008.2,1917-8,961.3
1917,9,1025.5,849.5,1917-9,176
1917,10,402.3,576.2,1917-10,-173.9
1917,11,491,536.9,1917-11,-45.9
1917,12,1231.3,1065.8,1917-12,165.5
1918,1,844.6,952.7,1918-1,-108.1
1918,2,593.6,206.7,1918-2,386.9
1918,3,545.8,308.3,1918-3,237.5
1918,4,560.7,418.8,1918-4,141.9
1918,5,528.4,424.9,1918-5,103.5
1918,6,331.8,235.8,1918-6,96
1918,7,868.9,412.6,1918-7,456.3
1918,8,1164.7,640.4,1918-8,524.3
1918,9,434.3,510.1,1918-9,-75.8
1918,10,826.2,402.9,1918-10,423.3
1918,11,540.2,500.6,1918-11,39.6
1918,12,60.3,1037.4,1918-12,-977.1
1919,1,326.2,297.3,1919-1,28.9
1919,2,1190.7,172.7,1919-2,1018
1919,3,797.8,392.4,1919-3,405.4
1919,4,335.6,371.9,1919-4,-36.3
1919,5,1030.4,620.9,1919-5,409.5
1919,6,896.4,980.3,1919-6,-83.9
1919,7,211.8,690.5,1919-7,-478.7
1919,8,475.7,908.2,1919-8,-432.5
1919,9,368.4,727,1919-9,-358.6
1919,10,386.5,387.9,1919-10,-1.4
1919,11,562.6,198.6,1919-11,364
1919,12,202.8,123.6,1919-12,79.2
1920,1,158.1,1009.1,1920-1,-851
1920,2,265.5,287.5,1920-2,-22
1920,3,327.3,1088.7,1920-3,-761.4
1920,4,60.7,267.1,1920-4,-206.4
1920,5,207.1,94.3,1920-5,112.8
1920,6,432,107.2,1920-6,324.8
1920,7,213.1,194.1,1920-7,19
1920,8,58,125.6,1920-8,-67.6
1920,9,155.4,696.2,1920-9,-540.8
1920,10,296.9,320.6,1920-10,-23.7
1920,11,102.2,501.2,1920-11,-399
1920,12,217.4,221.8,1920-12,-4.4
1921,1,87.7,403,1921-1,-315.3
1921,2,13.4,304.6,1921-2,-291.2
1921,3,280.9,111.7,1921-3,169.2
1921,4,329.9,118.6,1921-4,211.3
1921,5,481.1,122.9,1921-5,358.2
1921,6,273.9,113.4,1921-6,160.5
1921,7,340.5,236.8,1921-7,103.7
1921,8,140,130.8,1921-8,9.2
1921,9,267.1,65.7,1921-9,201.4
1921,10,304.5,6.1,1921-10,298.4
1921,11,255.7,249.7,1921-11,6
1921,12,227.6,169.4,1921-12,58.2
1922,1,19.7,70.7,1922-1,-51
1922,2,253.5,239.5,1922-2,14
1922,3,984.3,251.6,1922-3,732.7
1922,4,83.9,1.5,1922-4,82.4
1922,5,123.7,0.1,1922-5,123.6
1922,6,10,6.1,1922-6,3.9
1922,7,12,104.7,1922-7,-92.7
1922,8,24.8,61.8,1922-8,-37
1922,9,1,56.5,1922-9,-55.5
1922,10,16,47.6,1922-10,-31.6
1922,11,4.5,171.8,1922-11,-167.3
1922,12,386,92.1,1922-12,293.9
1923,1,91.8,1.7,1923-1,90.1
1923,2,1.4,0.4,1923-2,1
1923,3,15.7,0.3,1923-3,15.4
1923,4,6.4,24,1923-4,-17.6
1923,5,15.1,4.4,1923-5,10.7
1923,6,62.2,11.3,1923-6,50.9
1923,7,27.7,1.6,1923-7,26.1
1923,8,0.5,1.2,1923-8,-0.7
1923,9,41.2,93.3,1923-9,-52.1
1923,10,30.5,86.6,1923-10,-56.1
1923,11,73.2,39.5,1923-11,33.7
1923,12,25.7,0.1,1923-12,25.6
1924,1,1.3,0.4,1924-1,0.9
1924,2,66.4,1.6,1924-2,64.8
1924,3,32.1,1.1,1924-3,31
1924,4,20.4,128.2,1924-4,-107.8
1924,5,107.1,139.6,1924-5,-32.5
1924,6,414.6,12.4,1924-6,402.2
1924,7,353.8,4.8,1924-7,349
1924,8,352.6,7.7,1924-8,344.9
1924,9,380,42.8,1924-9,337.2
1924,10,345.4,123.2,1924-10,222.2
1924,11,607,1.4,1924-11,605.6
1924,12,123.2,69.1,1924-12,54.1
1925,1,31.6,4.6,1925-1,27
1925,2,68.9,244.8,1925-2,-175.9
1925,3,103.9,127.1,1925-3,-23.2
1925,4,231.2,80.6,1925-4,150.6
1925,5,649.8,53.4,1925-5,596.4
1925,6,455.8,192.5,1925-6,263.3
1925,7,129.5,296.6,1925-7,-167.1
1925,8,302.7,171,1925-8,131.7
1925,9,472,287.7,1925-9,184.3
1925,10,516.6,788.3,1925-10,-271.7
1925,11,1028.8,403.7,1925-11,625.1
1925,12,2174.1,1085.7,1925-12,1088.4
1926,1,1960.1,734.9,1926-1,1225.2
1926,2,535.2,1380.6,1926-2,-845.4
1926,3,345.4,927.4,1926-3,-582
1926,4,206.5,262.5,1926-4,-56
1926,5,235.4,850.5,1926-5,-615.1
1926,6,976.3,300.9,1926-6,675.4
1926,7,331.7,510.7,1926-7,-179
1926,8,130.1,744.5,1926-8,-614.4
1926,9,989.6,226.7,1926-9,762.9
1926,10,1079,339.6,1926-10,739.4
1926,11,267.4,382.9,1926-11,-115.5
1926,12,879.3,560.6,1926-12,318.7
1927,1,756.8,1053.2,1927-1,-296.4
1927,2,397.8,967,1927-2,-569.2
1927,3,590.2,312.1,1927-3,278.1
1927,4,594.1,784.9,1927-4,-190.8
1927,5,383.5,583.8,1927-5,-200.3
1927,6,565.6,308,1927-6,257.6
1927,7,350.9,460.9,1927-7,-110
1927,8,122.7,907.5,1927-8,-784.8
1927,9,151.7,1021.4,1927-9,-869.7
1927,10,232.3,587.1,1927-10,-354.8
1927,11,206.1,769.1,1927-11,-563
1927,12,195.9,427.2,1927-12,-231.3
1928,1,795.7,713.4,1928-1,82.3
1928,2,506.7,639.6,1928-2,-132.9
1928,3,924.8,769.5,1928-3,155.3
1928,4,442.5,925.6,1928-4,-483.1
1928,5,252.6,990.5,1928-5,-737.9
1928,6,889.3,469.6,1928-6,419.7
1928,7,1044.5,891.9,1928-7,152.6
1928,8,749.2,582.6,1928-8,166.6
1928,9,1198.1,1015.4,1928-9,182.7
1928,10,763.2,229.3,1928-10,533.9
1928,11,366.8,427.6,1928-11,-60.8
1928,12,777.8,300.7,1928-12,477.1
1929,1,714.6,265.5,1929-1,449.1
1929,2,190.1,631.4,1929-2,-441.3
1929,3,218.8,839.3,1929-3,-620.5
1929,4,530.7,506.3,1929-4,24.4
1929,5,530.4,319,1929-5,211.4
1929,6,448.7,750.2,1929-6,-301.5
1929,7,188,839,1929-7,-651
1929,8,152.7,591.3,1929-8,-438.6
1929,9,97.9,180.1,1929-9,-82.2
1929,10,731.1,578.8,1929-10,152.3
1929,11,1737.1,741.6,1929-11,995.5
1929,12,2267.5,816.8,1929-12,1450.7
1930,1,831.6,309.7,1930-1,521.9
1930,2,292.2,391.5,1930-2,-99.3
1930,3,159.7,497,1930-3,-337.3
1930,4,331.5,230,1930-4,101.5
1930,5,328.1,162.2,1930-5,165.9
1930,6,185.4,93.3,1930-6,92.1
1930,7,84.5,68.5,1930-7,16
1930,8,96.9,186.2,1930-8,-89.3
1930,9,277.6,90.6,1930-9,187
1930,10,462,220.3,1930-10,241.7
1930,11,243.1,418.2,1930-11,-175.1
1930,12,140,99.4,1930-12,40.6
1931,1,152.5,27.2,1931-1,125.3
1931,2,666,146.1,1931-2,519.9
1931,3,345.7,206.9,1931-3,138.8
1931,4,341.2,90.6,1931-4,250.6
1931,5,158.9,132.7,1931-5,26.2
1931,6,164.7,13.8,1931-6,150.9
1931,7,47.4,61.2,1931-7,-13.8
1931,8,36.8,46.1,1931-8,-9.3
1931,9,108.2,41,1931-9,67.2
1931,10,23.6,70.8,1931-10,-47.2
1931,11,239.2,23.9,1931-11,215.3
1931,12,166.1,38.1,1931-12,128
1932,1,47.7,79.4,1932-1,-31.7
1932,2,114.6,8.9,1932-2,105.7
1932,3,141.8,8.6,1932-3,133.2
1932,4,185.7,36.8,1932-4,148.9
1932,5,273.3,49.7,1932-5,223.6
1932,6,243,101,1932-6,142
1932,7,6,110.1,1932-7,-104.1
1932,8,0.1,79.8,1932-8,-79.7
1932,9,2.7,5.9,1932-9,-3.2
1932,10,70.3,0.7,1932-10,69.6
1932,11,120.4,4.8,1932-11,115.6
1932,12,266.3,0.2,1932-12,266.1
1933,1,179.8,0,1933-1,179.8
1933,2,606.5,2,1933-2,604.5
1933,3,162.3,0,1933-3,162.3
1933,4,15.4,0,1933-4,15.4
1933,5,15.3,0.4,1933-5,14.9
1933,6,37.4,1.6,1933-6,35.8
1933,7,11.3,0.9,1933-7,10.4
1933,8,0.1,0.2,1933-8,-0.1
1933,9,4,15.5,1933-9,-11.5
1933,10,36.8,0.5,1933-10,36.3
1933,11,4.3,0,1933-11,4.3
1933,12,0.7,0,1933-12,0.7
1934,1,42.8,0,1934-1,42.8
1934,2,54.4,4.5,1934-2,49.9
1934,3,1.2,10.2,1934-3,-9
1934,4,11.9,343.2,1934-4,-331.3
1934,5,106.2,267.2,1934-5,-161
1934,6,94.4,5.3,1934-6,89.1
1934,7,101.5,4.4,1934-7,97.1
1934,8,8.4,88.1,1934-8,-79.7
1934,9,18.3,2.8,1934-9,15.5
1934,10,10.4,10.6,1934-10,-0.2
1934,11,56.5,23.4,1934-11,33.1
1934,12,25.5,127.4,1934-12,-101.9
1935,1,47.4,264.8,1935-1,-217.4
1935,2,67.5,188.5,1935-2,-121
1935,3,89.1,107.9,1935-3,-18.8
1935,4,23.9,102.4,1935-4,-78.5
1935,5,53,308.8,1935-5,-255.8
1935,6,96.4,593.8,1935-6,-497.4
1935,7,142.1,429.7,1935-7,-287.6
1935,8,309.5,135,1935-8,174.5
1935,9,403.2,141.5,1935-9,261.7
1935,10,576.5,164.9,1935-10,411.6
1935,11,520.5,1036.6,1935-11,-516.1
1935,12,110.7,1551.3,1935-12,-1440.6
1936,1,561.3,1086,1936-1,-524.7
1936,2,410.1,816.6,1936-2,-406.5
1936,3,272.9,855.1,1936-3,-582.2
1936,4,421.1,623.4,1936-4,-202.3
1936,5,118,448,1936-5,-330
1936,6,436.3,368,1936-6,68.3
1936,7,390.5,238.2,1936-7,152.3
1936,8,440.3,511.7,1936-8,-71.4
1936,9,280.6,643.5,1936-9,-362.9
1936,10,579.7,505.1,1936-10,74.6
1936,11,623.9,1314.2,1936-11,-690.3
1936,12,1016.4,728.9,1936-12,287.5
1937,1,795,1457.9,1937-1,-662.9
1937,2,1463.5,884,1937-2,579.5
1937,3,899.2,243.7,1937-3,655.5
1937,4,1575.1,681.5,1937-4,893.6
1937,5,1379.8,957.5,1937-5,422.3
1937,6,1541.6,1170.9,1937-6,370.7
1937,7,2320.6,1042.7,1937-7,1277.9
1937,8,1646.4,857.7,1937-8,788.7
1937,9,1353.1,151.4,1937-9,1201.7
1937,10,1816.9,541.5,1937-10,1275.4
1937,11,295.8,557,1937-11,-261.2
1937,12,705.9,534.5,1937-12,171.4
1938,1,2064.5,200.3,1938-1,1864.2
1938,2,563.8,1180.3,1938-2,-616.5
1938,3,362.6,1110.9,1938-3,-748.3
1938,4,694.4,1671.2,1938-4,-976.8
1938,5,765.1,1554.6,1938-5,-789.5
1938,6,975.4,347.4,1938-6,628
1938,7,924.4,2238.8,1938-7,-1314.4
1938,8,491.3,1187.5,1938-8,-696.2
1938,9,766.5,837,1938-9,-70.5
1938,10,1558.5,358.8,1938-10,1199.7
1938,11,797,1615.9,1938-11,-818.9
1938,12,668.6,1248.2,1938-12,-579.6
1939,1,386.1,773,1939-1,-386.9
1939,2,336.8,694.4,1939-2,-357.6
1939,3,314.8,448.4,1939-3,-133.6
1939,4,1083,916.7,1939-4,166.3
1939,5,1080.2,670.8,1939-5,409.4
1939,6,742.4,388.2,1939-6,354.2
1939,7,939.2,1023.2,1939-7,-84
1939,8,1322,1004.9,1939-8,317.1
1939,9,362.8,2802.3,1939-9,-2439.5
1939,10,576.2,1344.1,1939-10,-767.9
1939,11,397.1,773.5,1939-11,-376.4
1939,12,200.5,341.3,1939-12,-140.8
1940,1,900.7,257.8,1940-1,642.9
1940,2,467.8,495.8,1940-2,-28
1940,3,877.5,590,1940-3,287.5
1940,4,265.7,376.4,1940-4,-110.7
1940,5,308.3,360,1940-5,-51.7
1940,6,203.1,1094,1940-6,-890.9
1940,7,631.8,261.3,1940-7,370.5
1940,8,868.8,1031,1940-8,-162.2
1940,9,244.8,701,1940-9,-456.2
1940,10,366.1,691.5,1940-10,-325.4
1940,11,364.9,229.4,1940-11,135.5
1940,12,465,393.3,1940-12,71.7
1941,1,309.5,174.4,1941-1,135.1
1941,2,288,190.9,1941-2,97.1
1941,3,403,116.5,1941-3,286.5
1941,4,28,319.3,1941-4,-291.3
1941,5,100.7,105.7,1941-5,-5
1941,6,557.5,218.3,1941-6,339.2
1941,7,552.5,444.6,1941-7,107.9
1941,8,596,311.8,1941-8,284.2
1941,9,1115.8,232.1,1941-9,883.7
1941,10,748.6,80.1,1941-10,668.5
1941,11,384.2,257.5,1941-11,126.7
1941,12,129.4,233.1,1941-12,-103.7
1942,1,120.5,241.3,1942-1,-120.8
1942,2,799.6,191.8,1942-2,607.8
1942,3,791.1,132.5,1942-3,658.6
1942,4,615.5,362.1,1942-4,253.4
1942,5,157,118.5,1942-5,38.5
1942,6,80,9.4,1942-6,70.6
1942,7,4.4,183.7,1942-7,-179.3
1942,8,130.5,111.9,1942-8,18.6
1942,9,16.2,92.5,1942-9,-76.3
1942,10,12.5,218.4,1942-10,-205.9
1942,11,184.8,300.6,1942-11,-115.8
1942,12,162.1,91.2,1942-12,70.9
1943,1,31.7,40.6,1943-1,-8.9
1943,2,542,9.6,1943-2,532.4
1943,3,615.4,12.6,1943-3,602.8
1943,4,608.5,144.7,1943-4,463.8
1943,5,202.5,46.2,1943-5,156.3
1943,6,30.2,6.6,1943-6,23.6
1943,7,224.6,15.4,1943-7,209.2
1943,8,84.9,57.8,1943-8,27.1
1943,9,221.3,20.7,1943-9,200.6
1943,10,232.2,2.5,1943-10,229.7
1943,11,120.4,6.4,1943-11,114
1943,12,97.3,187.3,1943-12,-90
1944,1,25,0.6,1944-1,24.4
1944,2,1.6,0,1944-2,1.6
1944,3,2,143.3,1944-3,-141.3
1944,4,0,0.7,1944-4,-0.7
1944,5,6.3,2.5,1944-5,3.8
1944,6,49.1,3.4,1944-6,45.7
1944,7,4.5,19.7,1944-7,-15.2
1944,8,6.4,72,1944-8,-65.6
1944,9,7.7,242.4,1944-9,-234.7
1944,10,47.8,145,1944-10,-97.2
1944,11,161.7,15.8,1944-11,145.9
1944,12,194,344.3,1944-12,-150.3
1945,1,89.4,92.9,1945-1,-3.5
1945,2,44.2,48.1,1945-2,-3.9
1945,3,11,503.7,1945-3,-492.7
1945,4,7.6,577,1945-4,-569.4
1945,5,19.6,263.4,1945-5,-243.8
1945,6,21.1,378.2,1945-6,-357.1
1945,7,169.4,336.2,1945-7,-166.8
1945,8,250.1,20.6,1945-8,229.5
1945,9,100.3,350.4,1945-9,-250.1
1945,10,450.9,660.3,1945-10,-209.4
1945,11,147,251.6,1945-11,-104.6
1945,12,121.7,203.6,1945-12,-81.9
1946,1,793.7,443.7,1946-1,350
1946,2,2470.7,620.3,1946-2,1850.4
1946,3,930.6,620.3,1946-3,310.3
1946,4,563,870.5,1946-4,-307.5
1946,5,483.6,601.3,1946-5,-117.7
1946,6,386.9,328.8,1946-6,58.1
1946,7,2126.5,785.9,1946-7,1340.6
1946,8,1460.2,830.5,1946-8,629.7
1946,9,1426.4,433.4,1946-9,993
1946,10,509.9,834.6,1946-10,-324.7
1946,11,997.6,854.8,1946-11,142.8
1946,12,1244.7,1268.8,1946-12,-24.1
1947,1,821.2,1486.4,1947-1,-665.2
1947,2,266.8,2454.2,1947-2,-2187.4
1947,3,820.1,2775.7,1947-3,-1955.6
1947,4,494.2,3456.1,1947-4,-2961.9
1947,5,1817.3,1924,1947-5,-106.7
1947,6,1288.6,645.2,1947-6,643.4
1947,7,1539.5,911.6,1947-7,627.9
1947,8,1393.5,1813.8,1947-8,-420.3
1947,9,1095.9,895.7,1947-9,200.2
1947,10,1239.8,1140,1947-10,99.8
1947,11,640.4,1046,1947-11,-405.6
1947,12,476.4,1166.2,1947-12,-689.8
1948,1,246.3,866.7,1948-1,-620.4
1948,2,536.9,552.7,1948-2,-15.8
1948,3,866,395.3,1948-3,470.7
1948,4,1964.2,1467.9,1948-4,496.3
1948,5,1288.9,2016.3,1948-5,-727.4
1948,6,1358.8,1200.7,1948-6,158.1
1948,7,1335.7,430.3,1948-7,905.4
1948,8,774.4,1300.9,1948-8,-526.5
1948,9,626.8,1238.1,1948-9,-611.3
1948,10,1089,656.3,1948-10,432.7
1948,11,515.6,490.4,1948-11,25.2
1948,12,606,1870.9,1948-12,-1264.9
1949,1,1316.1,924,1949-1,392.1
1949,2,1423,2217.2,1949-2,-794.2
1949,3,2055.4,1221.3,1949-3,834.1
1949,4,1083.1,799.1,1949-4,284
1949,5,700.1,517,1949-5,183.1
1949,6,925.8,680.6,1949-6,245.2
1949,7,757.7,994.3,1949-7,-236.6
1949,8,1466,799.1,1949-8,666.9
1949,9,586.8,1598.7,1949-9,-1011.9
1949,10,1333,482,1949-10,851
1949,11,1499,813.9,1949-11,685.1
1949,12,1016.5,469.9,1949-12,546.6
1950,1,1220.9,195.3,1950-1,1025.6
1950,2,1534.3,393,1950-2,1141.3
1950,3,916,744.3,1950-3,171.7
1950,4,1418.1,941,1950-4,477.1
1950,5,1151.5,426.5,1950-5,725
1950,6,524.6,523.8,1950-6,0.8
1950,7,739,516.7,1950-7,222.3
1950,8,373.3,695.2,1950-8,-321.9
1950,9,354.2,134.2,1950-9,220
1950,10,202.4,368.7,1950-10,-166.3
1950,11,503.4,241.5,1950-11,261.9
1950,12,376.6,233.6,1950-12,143
1951,1,519.6,226.8,1951-1,292.8
1951,2,542.9,83.9,1951-2,459
1951,3,716.8,128.4,1951-3,588.4
1951,4,1129.8,469.2,1951-4,660.6
1951,5,2432.7,466.3,1951-5,1966.4
1951,6,1159.8,1317.2,1951-6,-157.4
1951,7,150.5,629.4,1951-7,-478.9
1951,8,310.4,353.6,1951-8,-43.2
1951,9,712.3,247.6,1951-9,464.7
1951,10,238.9,518.4,1951-10,-279.5
1951,11,302.6,363.5,1951-11,-60.9
1951,12,542.5,59.9,1951-12,482.6
1952,1,390.7,73.2,1952-1,317.5
1952,2,32.8,272.7,1952-2,-239.9
1952,3,14.4,127.5,1952-3,-113.1
1952,4,206.1,145,1952-4,61.1
1952,5,11.8,244.7,1952-5,-232.9
1952,6,54.9,338.2,1952-6,-283.3
1952,7,106.1,548.2,1952-7,-442.1
1952,8,383.4,305.4,1952-8,78
1952,9,129.8,177.2,1952-9,-47.4
1952,10,321.6,17.9,1952-10,303.7
1952,11,415.9,39.5,1952-11,376.4
1952,12,269,208.3,1952-12,60.7
1953,1,147.8,140.9,1953-1,6.9
1953,2,9.9,0.6,1953-2,9.3
1953,3,35.6,34.7,1953-3,0.9
1953,4,391.7,13.8,1953-4,377.9
1953,5,194.3,1.3,1953-5,193
1953,6,119.6,98.2,1953-6,21.4
1953,7,0.3,80.5,1953-7,-80.2
1953,8,247.3,21.6,1953-8,225.7
1953,9,119,22.1,1953-9,96.9
1953,10,1.9,45,1953-10,-43.1
1953,11,1.4,7.7,1953-11,-6.3
1953,12,2.3,3.7,1953-12,-1.4
1954,1,0.4,0.3,1954-1,0.1
1954,2,1.4,0,1954-2,1.4
1954,3,0.6,156.8,1954-3,-156.2
1954,4,0.3,2.8,1954-4,-2.5
1954,5,0.8,0,1954-5,0.8
1954,6,1.8,0,1954-6,1.8
1954,7,9.6,0.9,1954-7,8.7
1954,8,24.5,33.4,1954-8,-8.9
1954,9,0.7,1.5,1954-9,-0.8
1954,10,11.7,4,1954-10,7.7
1954,11,7.5,50.3,1954-11,-42.8
1954,12,81.6,24.5,1954-12,57.1
1955,1,445.5,95.4,1955-1,350.1
1955,2,186,101.4,1955-2,84.6
1955,3,10.3,26.9,1955-3,-16.6
1955,4,71.9,8.2,1955-4,63.7
1955,5,264.5,37.6,1955-5,226.9
1955,6,69.6,420.9,1955-6,-351.3
1955,7,126.2,90.2,1955-7,36
1955,8,289.5,284.6,1955-8,4.9
1955,9,295.1,141.7,1955-9,153.4
1955,10,542.7,378.6,1955-10,164.1
1955,11,985.8,678.8,1955-11,307
1955,12,654.5,422.3,1955-12,232.2
1956,1,1348.5,235.5,1956-1,1113
1956,2,2044.1,834.2,1956-2,1209.9
1956,3,1092.2,763.6,1956-3,328.6
1956,4,869.7,548.9,1956-4,320.8
1956,5,1137.9,1082.6,1956-5,55.3
1956,6,1080.3,593.1,1956-6,487.2
1956,7,1011.6,861.2,1956-7,150.4
1956,8,1732.2,1284,1956-8,448.2
1956,9,908.5,1689.9,1956-9,-781.4
1956,10,1152.7,1232.7,1956-10,-80
1956,11,1028,2795.4,1956-11,-1767.4
1956,12,1507.5,1902.2,1956-12,-394.7
1957,1,1277.9,1050.2,1957-1,227.7
1957,2,474,980.6,1957-2,-506.6
1957,3,576.1,1238.1,1957-3,-662
1957,4,591.4,1472.6,1957-4,-881.2
1957,5,1122,1446.7,1957-5,-324.7
1957,6,1798.8,2737,1957-6,-938.2
1957,7,1456.2,1694.1,1957-7,-237.9
1957,8,1386.4,970.2,1957-8,416.2
1957,9,3156,1398,1957-9,1758
1957,10,1822.5,2651.2,1957-10,-828.7
1957,11,1394.7,1616.9,1957-11,-222.2
1957,12,2302.6,1967.5,1957-12,335.1
1958,1,1623.3,1371,1958-1,252.3
1958,2,940.5,1606.1,1958-2,-665.6
1958,3,2225.4,2212.2,1958-3,13.2
1958,4,1933,1670.2,1958-4,262.8
1958,5,1443,1264.8,1958-5,178.2
1958,6,1928.1,672.2,1958-6,1255.9
1958,7,1531.3,1767.5,1958-7,-236.2
1958,8,1468.8,1430.3,1958-8,38.5
1958,9,964.2,2376.4,1958-9,-1412.2
1958,10,847.9,1749.2,1958-10,-901.3
1958,11,685.8,1192.1,1958-11,-506.3
1958,12,1238.7,1993.1,1958-12,-754.4
1959,1,4129.7,772.3,1959-1,3357.4
1959,2,2287.1,123.2,1959-2,2163.9
1959,3,3196.6,543.6,1959-3,2653
1959,4,2196.1,504.9,1959-4,1691.2
1959,5,2003.4,804,1959-5,1199.4
1959,6,2187.6,893.4,1959-6,1294.2
1959,7,2426.2,258.6,1959-7,2167.6
1959,8,2786.5,749.4,1959-8,2037.1
1959,9,1438,977.2,1959-9,460.8
1959,10,936.1,529,1959-10,407.1
1959,11,1704.4,681.8,1959-11,1022.6
1959,12,2034.7,311.9,1959-12,1722.8
1960,1,1537.9,998.2,1960-1,539.7
1960,2,1250.7,554.6,1960-2,696.1
1960,3,720.8,470.9,1960-3,249.9
1960,4,1067.1,719.4,1960-4,347.7
1960,5,1082.2,996.6,1960-5,85.6
1960,6,989.2,425.2,1960-6,564
1960,7,1636.7,220.5,1960-7,1416.2
1960,8,1156.3,877.7,1960-8,278.6
1960,9,607.1,832.1,1960-9,-225
1960,10,805.3,363.3,1960-10,442
1960,11,1255.1,221.1,1960-11,1034
1960,12,512,394.6,1960-12,117.4
1961,1,649.8,122.9,1961-1,526.9
1961,2,261.7,95.9,1961-2,165.8
1961,3,311.8,200.8,1961-3,111
1961,4,325.8,312.3,1961-4,13.5
1961,5,428.6,31.3,1961-5,397.3
1961,6,578.5,383.4,1961-6,195.1
1961,7,743.7,411.8,1961-7,331.9
1961,8,459.2,39.3,1961-8,419.9
1961,9,767.8,195.3,1961-9,572.5
1961,10,279.1,49.9,1961-10,229.2
1961,11,283.6,31.2,1961-11,252.4
1961,12,244.8,153.5,1961-12,91.3
1962,1,585.2,8.6,1962-1,576.6
1962,2,482.3,344.6,1962-2,137.7
1962,3,570,123,1962-3,447
1962,4,502,52.2,1962-4,449.8
1962,5,260.2,373.8,1962-5,-113.6
1962,6,102.5,260.3,1962-6,-157.8
1962,7,232.4,30.5,1962-7,201.9
1962,8,129.4,10.9,1962-8,118.5
1962,9,548.8,108.7,1962-9,440.1
1962,10,259.6,111.9,1962-10,147.7
1962,11,111.5,179.6,1962-11,-68.1
1962,12,107.5,66.4,1962-12,41.1
1963,1,170,4.6,1963-1,165.4
1963,2,118.9,75.2,1963-2,43.7
1963,3,128.3,16.1,1963-3,112.2
1963,4,87.2,215.8,1963-4,-128.6
1963,5,394.7,112.4,1963-5,282.3
1963,6,331.4,18.1,1963-6,313.3
1963,7,147.6,0.3,1963-7,147.3
1963,8,240.3,82.1,1963-8,158.2
1963,9,528.7,94,1963-9,434.7
1963,10,417.8,16.1,1963-10,401.7
1963,11,150.5,34.8,1963-11,115.7
1963,12,22,47,1963-12,-25
1964,1,58.3,46.8,1964-1,11.5
1964,2,66.8,17.2,1964-2,49.6
1964,3,141.7,8.2,1964-3,133.5
1964,4,7.8,10,1964-4,-2.2
1964,5,24.5,6.4,1964-5,18.1
1964,6,23.4,1.7,1964-6,21.7
1964,7,7.5,0.2,1964-7,7.3
1964,8,51.5,0,1964-8,51.5
1964,9,16.6,0,1964-9,16.6
1964,10,21,3.6,1964-10,17.4
1964,11,23.3,3.8,1964-11,19.5
1964,12,87.1,19.5,1964-12,67.6
1965,1,145.9,0,1965-1,145.9
1965,2,109.3,3.2,1965-2,106.1
1965,3,52.7,0.2,1965-3,52.5
1965,4,19,4.6,1965-4,14.4
1965,5,223.7,0.8,1965-5,222.9
1965,6,15.1,79,1965-6,-63.9
1965,7,72.8,0.6,1965-7,72.2
1965,8,14.9,7.1,1965-8,7.8
1965,9,153.1,3.1,1965-9,150
1965,10,101.1,74.2,1965-10,26.9
1965,11,134.9,4.7,1965-11,130.2
1965,12,123.8,15.8,1965-12,108
1966,1,224,59.1,1966-1,164.9
1966,2,240.3,0,1966-2,240.3
1966,3,563.8,0,1966-3,563.8
1966,4,785,1.9,1966-4,783.1
1966,5,341.9,70,1966-5,271.9
1966,6,273.4,45.4,1966-6,228
1966,7,710.6,51.5,1966-7,659.1
1966,8,513.6,7.9,1966-8,505.7
1966,9,897.5,41.9,1966-9,855.6
1966,10,568,69.8,1966-10,498.2
1966,11,705.6,4.8,1966-11,700.8
1966,12,600.7,334.1,1966-12,266.6
1967,1,1073.3,767,1967-1,306.3
1967,2,1169,324.2,1967-2,844.8
1967,3,1380.1,701.4,1967-3,678.7
1967,4,497.3,394.9,1967-4,102.4
1967,5,1356,374.6,1967-5,981.4
1967,6,825.1,200.6,1967-6,624.5
1967,7,1208.6,267.8,1967-7,940.8
1967,8,1432.9,695.7,1967-8,737.2
1967,9,522.5,363.6,1967-9,158.9
1967,10,781.9,335.5,1967-10,446.4
1967,11,1182.4,371,1967-11,811.4
1967,12,973.9,1030.4,1967-12,-56.5
1968,1,1548.6,934.1,1968-1,614.5
1968,2,1525.7,353.6,1968-2,1172.1
1968,3,704.9,412.5,1968-3,292.4
1968,4,705,297,1968-4,408
1968,5,1107.6,796.5,1968-5,311.1
1968,6,1123.3,715.3,1968-6,408
1968,7,1053.6,428.3,1968-7,625.3
1968,8,747,893.6,1968-8,-146.6
1968,9,673,591.4,1968-9,81.6
1968,10,797.3,609.4,1968-10,187.9
1968,11,560,574.4,1968-11,-14.4
1968,12,988.3,696.7,1968-12,291.6
1969,1,1073.3,497.7,1969-1,575.6
1969,2,882.9,389.4,1969-2,493.5
1969,3,1663.9,523.4,1969-3,1140.5
1969,4,1140.5,368.2,1969-4,772.3
1969,5,551.8,783.7,1969-5,-231.9
1969,6,1077.3,716.6,1969-6,360.7
1969,7,416.9,750.7,1969-7,-333.8
1969,8,522.4,677.7,1969-8,-155.3
1969,9,449.9,395.9,1969-9,54
1969,10,1258.7,315.4,1969-10,943.3
1969,11,1496.9,201.8,1969-11,1295.1
1969,12,536,710.5,1969-12,-174.5
1970,1,285.7,1307.6,1970-1,-1021.9
1970,2,765,1491,1970-2,-726
1970,3,721.2,661.6,1970-3,59.6
1970,4,727.5,1192.6,1970-4,-465.1
1970,5,1155.1,971.8,1970-5,183.3
1970,6,1121.1,408.5,1970-6,712.6
1970,7,948.7,697.5,1970-7,251.2
1970,8,1015.6,295.3,1970-8,720.3
1970,9,1003.8,252.6,1970-9,751.2
1970,10,953.4,317.8,1970-10,635.6
1970,11,1279.7,286.6,1970-11,993.1
1970,12,1038.9,316.4,1970-12,722.5
1971,1,1026.2,916.3,1971-1,109.9
1971,2,753.3,680.5,1971-2,72.8
1971,3,199.6,488.5,1971-3,-288.9
1971,4,495,389,1971-4,106
1971,5,617.4,84.4,1971-5,533
1971,6,186.1,301.3,1971-6,-115.2
1971,7,579.3,542.8,1971-7,36.5
1971,8,151.2,1004.9,1971-8,-853.7
1971,9,221.8,377.2,1971-9,-155.4
1971,10,709.9,244.7,1971-10,465.2
1971,11,222.1,691.8,1971-11,-469.7
1971,12,302.9,696.4,1971-12,-393.5
1972,1,141.4,381,1972-1,-239.6
1972,2,642.2,696,1972-2,-53.8
1972,3,530.8,676.8,1972-3,-146
1972,4,172.5,399.9,1972-4,-227.4
1972,5,385.4,933.2,1972-5,-547.8
1972,6,321.9,1000,1972-6,-678.1
1972,7,455.8,473.3,1972-7,-17.5
1972,8,654.6,397.1,1972-8,257.5
1972,9,160.9,443.8,1972-9,-282.9
1972,10,84.2,932.9,1972-10,-848.7
1972,11,28.5,526.4,1972-11,-497.9
1972,12,362.8,198.8,1972-12,164
1973,1,355.7,43.4,1973-1,312.3
1973,2,258.5,165.2,1973-2,93.3
1973,3,324.6,397.4,1973-3,-72.8
1973,4,290.7,474.4,1973-4,-183.7
1973,5,154.1,257.4,1973-5,-103.3
1973,6,192.6,248.4,1973-6,-55.8
1973,7,215.4,66.2,1973-7,149.2
1973,8,130.8,131.4,1973-8,-0.6
1973,9,557.6,325.8,1973-9,231.8
1973,10,173.2,233.8,1973-10,-60.6
1973,11,47.1,195.6,1973-11,-148.5
1973,12,28.3,223.1,1973-12,-194.8
1974,1,44.7,159.9,1974-1,-115.2
1974,2,11.8,241,1974-2,-229.2
1974,3,58.6,69.5,1974-3,-10.9
1974,4,22.6,491,1974-4,-468.4
1974,5,22.3,360.6,1974-5,-338.3
1974,6,92.6,200,1974-6,-107.4
1974,7,0.1,831,1974-7,-830.9
1974,8,64.9,367.3,1974-8,-302.4
1974,9,408.2,176.1,1974-9,232.1
1974,10,393.2,209.8,1974-10,183.4
1974,11,299.4,10.1,1974-11,289.3
1974,12,240.3,11.3,1974-12,229
1975,1,135.9,19.5,1975-1,116.4
1975,2,68.3,11.9,1975-2,56.4
1975,3,9.2,54.9,1975-3,-45.7
1975,4,16.6,0.7,1975-4,15.9
1975,5,0.6,59.3,1975-5,-58.7
1975,6,84.6,22.3,1975-6,62.3
1975,7,222.2,131.4,1975-7,90.8
1975,8,672.9,29.1,1975-8,643.8
1975,9,34,40.1,1975-9,-6.1
1975,10,113.8,0.4,1975-10,113.4
1975,11,78.4,156.7,1975-11,-78.3
1975,12,26.9,7.3,1975-12,19.6
1976,1,0,115.5,1976-1,-115.5
1976,2,0,11.2,1976-2,-11.2
1976,3,134.2,202.1,1976-3,-67.9
1976,4,168.3,208,1976-4,-39.7
1976,5,40.9,63.2,1976-5,-22.3
1976,6,41.9,34.4,1976-6,7.5
1976,7,2.3,6.4,1976-7,-4.1
1976,8,257.3,33.4,1976-8,223.9
1976,9,114.7,54.6,1976-9,60.1
1976,10,103.2,78.8,1976-10,24.4
1976,11,91.5,0.4,1976-11,91.1
1976,12,185.9,89,1976-12,96.9
1977,1,60.1,88.3,1977-1,-28.2
1977,2,58,158,1977-2,-100
1977,3,33.9,2.7,1977-3,31.2
1977,4,5.1,118.8,1977-4,-113.7
1977,5,93.9,37.9,1977-5,56
1977,6,314.1,303.3,1977-6,10.8
1977,7,168.2,37,1977-7,131.2
1977,8,219.3,54,1977-8,165.3
1977,9,705.6,180.1,1977-9,525.5
1977,10,458.8,152.2,1977-10,306.6
1977,11,188.5,82.1,1977-11,106.4
1977,12,230.1,414.4,1977-12,-184.3
1978,1,299,259.7,1978-1,39.3
1978,2,1559.8,341.8,1978-2,1218
1978,3,882.7,411.9,1978-3,470.8
1978,4,1260.7,259.9,1978-4,1000.8
1978,5,1030.7,316.1,1978-5,714.6
1978,6,762.7,413.2,1978-6,349.5
1978,7,693.9,184.5,1978-7,509.4
1978,8,203.2,327.3,1978-8,-124.1
1978,9,1370.6,625.6,1978-9,745
1978,10,639.9,815.7,1978-10,-175.8
1978,11,642.3,793.8,1978-11,-151.5
1978,12,908,1419.5,1978-12,-511.5
1979,1,1278.8,1409.2,1979-1,-130.4
1979,2,1365.7,851.7,1979-2,514
1979,3,793.1,788.5,1979-3,4.6
1979,4,1183.2,640.5,1979-4,542.7
1979,5,1302.6,374.1,1979-5,928.5
1979,6,1647.1,967.8,1979-6,679.3
1979,7,1109.3,686.3,1979-7,423
1979,8,1166.7,837,1979-8,329.7
1979,9,1687.6,570.7,1979-9,1116.9
1979,10,2093.4,610.5,1979-10,1482.9
1979,11,1415.2,1717.1,1979-11,-301.9
1979,12,436.1,1402.1,1979-12,-966
1980,1,1055.6,879.5,1980-1,176.1
1980,2,987.2,1125.8,1980-2,-138.6
1980,3,519.6,614.4,1980-3,-94.8
1980,4,1346.8,1480.7,1980-4,-133.9
1980,5,554.6,2329.4,1980-5,-1774.8
1980,6,511.5,1449.2,1980-6,-937.7
1980,7,626.8,1376.5,1980-7,-749.7
1980,8,887,569.5,1980-8,317.5
1980,9,1217.1,777.7,1980-9,439.4
1980,10,1086.4,1382.8,1980-10,-296.4
1980,11,1428.5,1654.8,1980-11,-226.3
1980,12,981.8,1085.2,1980-12,-103.4
1981,1,532.9,715.6,1981-1,-182.7
1981,2,1244,972.5,1981-2,271.5
1981,3,1330.7,1017.9,1981-3,312.8
1981,4,1933.9,282.8,1981-4,1651.1
1981,5,1512.7,569.7,1981-5,943
1981,6,624.9,826.2,1981-6,-201.3
1981,7,577.8,2717.1,1981-7,-2139.3
1981,8,825.3,1015.2,1981-8,-189.9
1981,9,1590.6,981.4,1981-9,609.2
1981,10,649.1,2590.6,1981-10,-1941.5
1981,11,774.9,1432.2,1981-11,-657.3
1981,12,1342.2,1182.5,1981-12,159.7
1982,1,685.1,922.6,1982-1,-237.5
1982,2,1414.5,2442.5,1982-2,-1028
1982,3,1909,1660.6,1982-3,248.4
1982,4,1377.3,676.3,1982-4,701
1982,5,554.1,835.9,1982-5,-281.8
1982,6,1994.1,1076.6,1982-6,917.5
1982,7,1481.3,427.7,1982-7,1053.6
1982,8,1218.9,846.3,1982-8,372.6
1982,9,819,959.5,1982-9,-140.5
1982,10,645.8,893.7,1982-10,-247.9
1982,11,412.5,1438.7,1982-11,-1026.2
1982,12,915,1792.5,1982-12,-877.5
1983,1,514.4,700,1983-1,-185.6
1983,2,147.5,810,1983-2,-662.5
1983,3,47,859,1983-3,-812
1983,4,94.7,882,1983-4,-787.3
1983,5,356.3,1380.1,1983-5,-1023.8
1983,6,372.4,1205.4,1983-6,-833
1983,7,222.6,882.5,1983-7,-659.9
1983,8,95.7,750.1,1983-8,-654.4
1983,9,84.9,522.2,1983-9,-437.3
1983,10,648.5,255.6,1983-10,392.9
1983,11,51.3,152.1,1983-11,-100.8
1983,12,81.7,211.8,1983-12,-130.1
1984,1,1154.8,427.2,1984-1,727.6
1984,2,1286.1,888.8,1984-2,397.3
1984,3,278.2,755.1,1984-3,-476.9
1984,4,332.3,1391.1,1984-4,-1058.8
1984,5,786.3,832.8,1984-5,-46.5
1984,6,116.2,472.7,1984-6,-356.5
1984,7,100.3,188.8,1984-7,-88.5
1984,8,59.6,131.9,1984-8,-72.3
1984,9,26.1,104.5,1984-9,-78.4
1984,10,53.7,15.4,1984-10,38.3
1984,11,47.1,187.1,1984-11,-140
1984,12,26.2,73.6,1984-12,-47.4
1985,1,9.9,158.5,1985-1,-148.6
1985,2,76,26,1985-2,50
1985,3,112.9,19.4,1985-3,93.5
1985,4,349.1,19.1,1985-4,330
1985,5,76.1,266.5,1985-5,-190.4
1985,6,52.3,194.6,1985-6,-142.3
1985,7,51,341.4,1985-7,-290.4
1985,8,10.4,34.8,1985-8,-24.4
1985,9,0.9,18.2,1985-9,-17.3
1985,10,189.7,3.6,1985-10,186.1
1985,11,21.9,78.4,1985-11,-56.5
1985,12,30.7,20.3,1985-12,10.4
1986,1,0.9,31.6,1986-1,-30.7
1986,2,19,398.5,1986-2,-379.5
1986,3,123.3,22.6,1986-3,100.7
1986,4,159.6,14.9,1986-4,144.7
1986,5,42.5,2.7,1986-5,39.8
1986,6,1.4,0.5,1986-6,0.9
1986,7,92.6,12.6,1986-7,80
1986,8,79,2.7,1986-8,76.3
1986,9,23.8,0,1986-9,23.8
1986,10,275.9,84,1986-10,191.9
1986,11,77.5,16.8,1986-11,60.7
1986,12,5,9,1986-12,-4
1987,1,12.6,12.6,1987-1,0
1987,2,11.5,2,1987-2,9.5
1987,3,96.6,12.2,1987-3,84.4
1987,4,65.3,437.3,1987-4,-372
1987,5,315,142.3,1987-5,172.7
1987,6,75.1,28.9,1987-6,46.2
1987,7,67.3,189.2,1987-7,-121.9
1987,8,89.9,476,1987-8,-386.1
1987,9,46.7,203,1987-9,-156.3
1987,10,322.9,170.7,1987-10,152.2
1987,11,58.8,431.2,1987-11,-372.4
1987,12,11.7,282.7,1987-12,-271
1988,1,118.3,371.2,1988-1,-252.9
1988,2,456.2,51.7,1988-2,404.5
1988,3,392,478.7,1988-3,-86.7
1988,4,671.1,361.7,1988-4,309.4
1988,5,119.2,373,1988-5,-253.8
1988,6,541.8,1213.8,1988-6,-672
1988,7,744.3,1299.7,1988-7,-555.4
1988,8,1003,711.3,1988-8,291.7
1988,9,401.8,819,1988-9,-417.2
1988,10,1078.9,919.5,1988-10,159.4
1988,11,918.4,674.8,1988-11,243.6
1988,12,1663.3,760.5,1988-12,902.8
1989,1,1314.6,1637.5,1989-1,-322.9
1989,2,1801,791.5,1989-2,1009.5
1989,3,2432.8,621.9,1989-3,1810.9
1989,4,752.7,1201.7,1989-4,-449
1989,5,812,1012.1,1989-5,-200.1
1989,6,2014.6,1699.1,1989-6,315.5
1989,7,590.3,913.2,1989-7,-322.9
1989,8,1331.8,1818.2,1989-8,-486.4
1989,9,1309,1999.7,1989-9,-690.7
1989,10,842.3,1165.6,1989-10,-323.3
1989,11,1846.6,642.6,1989-11,1204
1989,12,1375.2,1024.7,1989-12,350.5
1990,1,827.8,1252.3,1990-1,-424.5
1990,2,971.5,755.5,1990-2,216
1990,3,611.9,1214.8,1990-3,-602.9
1990,4,1045.8,519.4,1990-4,526.4
1990,5,826.5,1045.9,1990-5,-219.4
1990,6,593.1,740.6,1990-6,-147.5
1990,7,1171.5,902.8,1990-7,268.7
1990,8,1388.3,2025.9,1990-8,-637.6
1990,9,739.2,923.1,1990-9,-183.9
1990,10,722.1,1235.6,1990-10,-513.5
1990,11,1997.3,796.1,1990-11,1201.2
1990,12,1549,728,1990-12,821
1991,1,1148.9,2062.5,1991-1,-913.6
1991,2,724,2444,1991-2,-1720
1991,3,241.2,2553,1991-3,-2311.8
1991,4,875.9,610.9,1991-4,265
1991,5,1403.6,872.1,1991-5,531.5
1991,6,2012.7,715.9,1991-6,1296.8
1991,7,1535.9,989.5,1991-7,546.4
1991,8,1083.4,1562.6,1991-8,-479.2
1991,9,439.1,1196.1,1991-9,-757
1991,10,632.3,2121.7,1991-10,-1489.4
1991,11,385.9,984.2,1991-11,-598.3
1991,12,834.6,2212.5,1991-12,-1377.9
1992,1,745.2,1668.3,1992-1,-923.1
1992,2,1349.8,1487.4,1992-2,-137.6
1992,3,671.1,600.2,1992-3,70.9
1992,4,361.7,974.9,1992-4,-613.2
1992,5,364,397.9,1992-5,-33.9
1992,6,588.5,133,1992-6,455.5
1992,7,514.8,686.5,1992-7,-171.7
1992,8,730.7,405.1,1992-8,325.6
1992,9,230.1,503.8,1992-9,-273.7
1992,10,422.3,989,1992-10,-566.7
1992,11,300.5,1098.5,1992-11,-798
1992,12,260.1,707.2,1992-12,-447.1
1993,1,146.8,467,1993-1,-320.2
1993,2,785,765.5,1993-2,19.5
1993,3,359.5,641.7,1993-3,-282.2
1993,4,266.9,420.9,1993-4,-154
1993,5,510.3,58.3,1993-5,452
1993,6,253.4,342.1,1993-6,-88.7
1993,7,181.1,300.8,1993-7,-119.7
1993,8,224.9,184.3,1993-8,40.6
1993,9,217.5,94.3,1993-9,123.2
1993,10,342.8,455.2,1993-10,-112.4
1993,11,391.5,263.7,1993-11,127.8
1993,12,513,168,1993-12,345
1994,1,794.8,235.3,1994-1,559.5
1994,2,358.5,79.5,1994-2,279
1994,3,72.3,98.9,1994-3,-26.6
1994,4,111.5,9.3,1994-4,102.2
1994,5,238.5,13.1,1994-5,225.4
1994,6,82.6,113.4,1994-6,-30.8
1994,7,184.7,110.6,1994-7,74.1
1994,8,72.7,144.1,1994-8,-71.4
1994,9,48.5,341.6,1994-9,-293.1
1994,10,342.3,181.5,1994-10,160.8
1994,11,41.1,72.3,1994-11,-31.2
1994,12,33,304.4,1994-12,-271.4
1995,1,62.3,123.3,1995-1,-61
1995,2,70,165.5,1995-2,-95.5
1995,3,34.3,280.9,1995-3,-246.6
1995,4,21.5,121.3,1995-4,-99.8
1995,5,68.2,121.5,1995-5,-53.3
1995,6,124.1,12.6,1995-6,111.5
1995,7,130.5,18.5,1995-7,112
1995,8,75.4,6.8,1995-8,68.6
1995,9,53.2,1.4,1995-9,51.8
1995,10,50.6,219,1995-10,-168.4
1995,11,14,76.1,1995-11,-62.1
1995,12,13.1,51.5,1995-12,-38.4
1996,1,74.1,0,1996-1,74.1
1996,2,15.4,1.4,1996-2,14
1996,3,31.6,17.6,1996-3,14
1996,4,4.7,17.7,1996-4,-13
1996,5,0.9,47,1996-5,-46.1
1996,6,82.6,0.9,1996-6,81.7
1996,7,3.2,160.3,1996-7,-157.1
1996,8,20.3,109.7,1996-8,-89.4
1996,9,0,5.1,1996-9,-5.1
1996,10,0.5,1.4,1996-10,-0.9
1996,11,42,235.7,1996-11,-193.7
1996,12,47.4,63.2,1996-12,-15.8
1997,1,5.9,5,1997-1,0.9
1997,2,30.5,7.5,1997-2,23
1997,3,24.4,26.6,1997-3,-2.2
1997,4,19.1,67.7,1997-4,-48.6
1997,5,105.2,11.3,1997-5,93.9
1997,6,21,39.7,1997-6,-18.7
1997,7,35.2,3.6,1997-7,31.6
1997,8,131.4,18.1,1997-8,113.3
1997,9,193.7,532.5,1997-9,-338.8
1997,10,79,52.4,1997-10,26.6
1997,11,382.7,249.7,1997-11,133
1997,12,321.1,159.9,1997-12,161.2
1998,1,55.1,202.8,1998-1,-147.7
1998,2,38.5,269.5,1998-2,-231
1998,3,77.2,733,1998-3,-655.8
1998,4,40.6,480.2,1998-4,-439.6
1998,5,350.5,323.4,1998-5,27.1
1998,6,259,420,1998-6,-161
1998,7,273.2,416.8,1998-7,-143.6
1998,8,859.4,499.5,1998-8,359.9
1998,9,641.7,690.2,1998-9,-48.5
1998,10,262.4,206.8,1998-10,55.6
1998,11,524.5,482.1,1998-11,42.4
1998,12,676.1,374.4,1998-12,301.7
1999,1,412.8,221.7,1999-1,191.1
1999,2,434.5,502.5,1999-2,-68
1999,3,453.9,201.9,1999-3,252
1999,4,208.6,251.5,1999-4,-42.9
1999,5,850.8,295.8,1999-5,555
1999,6,1127.5,562.8,1999-6,564.7
1999,7,867.5,666.1,1999-7,201.4
1999,8,640.8,756.5,1999-8,-115.7
1999,9,388.7,221.2,1999-9,167.5
1999,10,967.8,541.9,1999-10,425.9
1999,11,855.9,1015.9,1999-11,-160
1999,12,1020.6,476.9,1999-12,543.7
2000,1,426.3,500.8,2000-1,-74.5
2000,2,535,925.5,2000-2,-390.5
2000,3,784,1437.5,2000-3,-653.5
2000,4,820.9,1042.1,2000-4,-221.2
2000,5,1003,1179.2,2000-5,-176.2
2000,6,1379.9,713.5,2000-6,666.4
2000,7,1335,1008.9,2000-7,326.1
2000,8,645.8,436.7,2000-8,209.1
2000,9,1252.1,620.2,2000-9,631.9
2000,10,387.9,560.9,2000-10,-173
2000,11,830.7,520.3,2000-11,310.4
2000,12,554.1,470.1,2000-12,84
2001,1,456.1,478.7,2001-1,-22.6
2001,2,349,320.5,2001-2,28.5
2001,3,1194.5,476.5,2001-3,718
2001,4,1115.3,777.5,2001-4,337.8
2001,5,833.7,275.5,2001-5,558.2
2001,6,1308.5,477.4,2001-6,831.1
2001,7,417.7,401.5,2001-7,16.2
2001,8,718.1,901,2001-8,-182.9
2001,9,1021.6,2018.8,2001-9,-997.2
2001,10,1246.9,882,2001-10,364.9
2001,11,1175.3,1248.8,2001-11,-73.5
2001,12,1241,1113.2,2001-12,127.8
2002,1,778.1,1003.3,2002-1,-225.2
2002,2,693.5,943.5,2002-2,-250
2002,3,470.2,897.4,2002-3,-427.2
2002,4,1313.7,739.7,2002-4,574
2002,5,862.1,1320.1,2002-5,-458
2002,6,345.8,1001,2002-6,-655.2
2002,7,687.8,1508.8,2002-7,-821
2002,8,527,2000.2,2002-8,-1473.2
2002,9,689.3,1404.2,2002-9,-714.9
2002,10,1335,464.5,2002-10,870.5
2002,11,611.8,1232,2002-11,-620.2
2002,12,420.9,695,2002-12,-274.1
2003,1,169.4,818.3,2003-1,-648.9
2003,2,245,229,2003-2,16
2003,3,873.9,309.4,2003-3,564.5
2003,4,621.6,486.3,2003-4,135.3
2003,5,229.4,721.2,2003-5,-491.8
2003,6,851.7,428.4,2003-6,423.3
2003,7,681.9,495.4,2003-7,186.5
2003,8,205.9,742.9,2003-8,-537
2003,9,352.8,240.8,2003-9,112
2003,10,1104.6,1156.6,2003-10,-52
2003,11,852.1,742,2003-11,110.1
2003,12,412.3,219.9,2003-12,192.4
2004,1,164.8,597.9,2004-1,-433.1
2004,2,300.3,319.6,2004-2,-19.3
2004,3,199.6,500.4,2004-3,-300.8
2004,4,96.1,343.5,2004-4,-247.4
2004,5,77.7,549.6,2004-5,-471.9
2004,6,203.5,390.1,2004-6,-186.6
2004,7,924.7,314.8,2004-7,609.9
2004,8,375.3,610.1,2004-8,-234.8
2004,9,126.5,439.6,2004-9,-313.1
2004,10,262.8,337.6,2004-10,-74.8
2004,11,409.3,386.9,2004-11,22.4
2004,12,114.3,160.3,2004-12,-46
2005,1,700,200.5,2005-1,499.5
2005,2,46,488.5,2005-2,-442.5
2005,3,78.6,341,2005-3,-262.4
2005,4,63.5,332.3,2005-4,-268.8
2005,5,216.8,578.5,2005-5,-361.7
2005,6,181.5,520.3,2005-6,-338.8
2005,7,401.5,298.5,2005-7,103
2005,8,221.3,317.9,2005-8,-96.6
2005,9,114.8,483.5,2005-9,-368.7
2005,10,15.4,37,2005-10,-21.6
2005,11,2.3,395.7,2005-11,-393.4
2005,12,220.8,254.7,2005-12,-33.9
2006,1,55.1,95.7,2006-1,-40.6
2006,2,1.5,9,2006-2,-7.5
2006,3,9,69.5,2006-3,-60.5
2006,4,4.7,486.3,2006-4,-481.6
2006,5,49.7,139.1,2006-5,-89.4
2006,6,21.9,175,2006-6,-153.1
2006,7,36.6,178,2006-7,-141.4
2006,8,2.3,436.3,2006-8,-434
2006,9,5.1,188.1,2006-9,-183
2006,10,0,79.5,2006-10,-79.5
2006,11,15.9,512.9,2006-11,-497
2006,12,28.9,341.4,2006-12,-312.5
2007,1,31.2,346.4,2007-1,-315.2
2007,2,0,200.5,2007-2,-200.5
2007,3,11.7,29.8,2007-3,-18.1
2007,4,3.7,128.8,2007-4,-125.1
2007,5,67.7,141.8,2007-5,-74.1
2007,6,0,220.3,2007-6,-220.3
2007,7,7.2,186.1,2007-7,-178.9
2007,8,4.1,60.1,2007-8,-56
2007,9,6.1,9.3,2007-9,-3.2
2007,10,0,4.5,2007-10,-4.5
2007,11,4.7,0.5,2007-11,4.2
2007,12,8.6,127.4,2007-12,-118.8
2008,1,2.7,11.7,2008-1,-9
2008,2,0,8.7,2008-2,-8.7
2008,3,0,144.5,2008-3,-144.5
2008,4,5.1,23.8,2008-4,-18.7
2008,5,5,6.1,2008-5,-1.1
2008,6,0,9.3,2008-6,-9.3
2008,7,0,1.8,2008-7,-1.8
2008,8,0,0,2008-8,0
2008,9,3.3,0,2008-9,3.3
2008,10,12.6,3.2,2008-10,9.4
2008,11,31.7,0,2008-11,31.7
2008,12,0,4.1,2008-12,-4.1
2009,1,5.4,0.5,2009-1,4.9
2009,2,2,1.5,2009-2,0.5
2009,3,0,1.8,2009-3,-1.8
2009,4,0.5,1.4,2009-4,-0.9
2009,5,6.3,1.4,2009-5,4.9
2009,6,10.7,7,2009-6,3.7
2009,7,0,51.9,2009-7,-51.9
2009,8,0.5,0,2009-8,0.5
2009,9,23.3,7.9,2009-9,15.4
2009,10,82.2,0,2009-10,82.2
2009,11,14.5,0,2009-11,14.5
2009,12,72.3,27.5,2009-12,44.8
2010,1,142.7,80.8,2010-1,61.9
2010,2,161,21,2010-2,140
2010,3,184.1,37.9,2010-3,146.2
2010,4,59.7,11.7,2010-4,48
2010,5,25.3,30,2010-5,-4.7
2010,6,19.1,70.5,2010-6,-51.4
2010,7,70,117.9,2010-7,-47.9
2010,8,228.5,5.4,2010-8,223.1
2010,9,188.1,211,2010-9,-22.9
2010,10,289,116.1,2010-10,172.9
2010,11,142.8,50.9,2010-11,91.9
2010,12,306.6,1.4,2010-12,305.2
2011,1,205.7,32.1,2011-1,173.6
2011,2,236,168.5,2011-2,67.5
2011,3,745.6,235.7,2011-3,509.9
2011,4,501.4,160.8,2011-4,340.6
2011,5,203.9,177,2011-5,26.9
2011,6,205.1,109.4,2011-6,95.7
2011,7,364,88.3,2011-7,275.7
2011,8,575.1,37.9,2011-8,537.2
2011,9,1084.5,120.9,2011-9,963.6
2011,10,992.9,263.7,2011-10,729.2
2011,11,1177.3,359.3,2011-11,818
2011,12,451.6,497.9,2011-12,-46.3
2012,1,847.5,153.3,2012-1,694.2
2012,2,280,100.4,2012-2,179.6
2012,3,571.3,230.8,2012-3,340.5
2012,4,286.3,453.6,2012-4,-167.3
2012,5,741.3,305.7,2012-5,435.6
2012,6,157.7,610.3,2012-6,-452.6
2012,7,144.1,1138.1,2012-7,-994
2012,8,351.8,357.7,2012-8,-5.9
2012,9,286.8,419.8,2012-9,-133
2012,10,349.1,491.4,2012-10,-142.3
2012,11,549.7,275.8,2012-11,273.9
2012,12,304.2,156,2012-12,148.2
2013,1,775.4,221.3,2013-1,554.1
2013,2,348,94.5,2013-2,253.5
2013,3,394.7,240.7,2013-3,154
2013,4,624.4,491.9,2013-4,132.5
2013,5,528.8,588.2,2013-5,-59.4
2013,6,141.4,494.2,2013-6,-352.8
2013,7,189.7,479.2,2013-7,-289.5
2013,8,149.5,455.7,2013-8,-306.2
2013,9,135.3,165.2,2013-9,-29.9
2013,10,343.7,836.8,2013-10,-493.1
2013,11,452.2,1056.1,2013-11,-603.9
2013,12,238,884.3,2013-12,-646.3
2014,1,198.3,1333.4,2014-1,-1135.1
2014,2,256.5,1759.2,2014-2,-1502.7
2014,3,341.9,658,2014-3,-316.1
2014,4,501.2,615.5,2014-4,-114.3
2014,5,410.1,522.1,2014-5,-112
2014,6,335.1,558.1,2014-6,-223
2014,7,184.3,1026.1,2014-7,-841.8
2014,8,433.5,349.5,2014-8,84
2014,9,381.7,757.4,2014-9,-375.7
2014,10,84.5,1633.9,2014-10,-1549.4
2014,11,317.3,965.5,2014-11,-648.2
2014,12,280.9,1121.8,2014-12,-840.9
2015,1,267.4,727.1,2015-1,-459.7
2015,2,314,184,2015-2,130
2015,3,124.4,394.3,2015-3,-269.9
2015,4,472.7,216.5,2015-4,256.2
2015,5,398.3,230.8,2015-5,167.5
2015,6,601.1,245.5,2015-6,355.6
2015,7,342.8,176.1,2015-7,166.7
2015,8,82.7,618.7,2015-8,-536
2015,9,168.9,473.7,2015-9,-304.8
2015,10,257.4,188.3,2015-10,69.1
2015,11,335.1,36.4,2015-11,298.7
2015,12,306.2,263.3,2015-12,42.9
2016,1,311.6,61,2016-1,250.6
2016,2,256.8,120.2,2016-2,136.6
2016,3,212.7,85.4,2016-3,127.3
2016,4,479.7,91.5,2016-4,388.2
2016,5,191,300.8,2016-5,-109.8
2016,6,57.4,160.5,2016-6,-103.1
2016,7,315.7,19.4,2016-7,296.3
2016,8,244.8,63.5,2016-8,181.3
2016,9,308,33.6,2016-9,274.4
